<?xml version="1.0" encoding="UTF-8"?>
<beans xmlns="http://www.springframework.org/schema/beans"
	xmlns:mvc="http://www.springframework.org/schema/mvc"
	xmlns:context="http://www.springframework.org/schema/context"
	xmlns:xsi="http://www.w3.org/2001/XMLSchema-instance"
	xsi:schemaLocation="
        http://www.springframework.org/schema/beans     
        http://www.springframework.org/schema/beans/spring-beans.xsd
        http://www.springframework.org/schema/mvc 
        http://www.springframework.org/schema/mvc/spring-mvc.xsd
        http://www.springframework.org/schema/context 
        http://www.springframework.org/schema/context/spring-context.xsd">
        
        
        
       <bean id="electronicsDataSource"
       		 class="org.springframework.jdbc.datasource.DriverManagerDataSource"
       			>
       		<property name="driverClassName" value="com.mysql.jdbc.Driver" />
		<property name="url" value="jdbc:mysql://localhost:3306/electronics_db" />
		<property name="username" value="root" />
		<property name="password" value="" />
       
       
       </bean> 
       
       
    
    <!-- This is spring jdbc provided class -->
    <bean id="mjdbcTemplate" class="org.springframework.jdbc.core.JdbcTemplate">
		   <property name="dataSource" ref="electronicsDataSource"/>
    </bean>
    
    <bean id="electronicService" class="com.mvc.electronics.ElectronicsServiceImpl">
    	<property name="jdbcTemplate" ref="mjdbcTemplate"/>
    </bean>
        
        
        
        
</beans>